Framework,Processing Time (seconds),Relative Performance
Pandas,0.3302500247955322,1.0
PySpark,15.834820985794067,0.020855936741679005
