Framework,Processing Time (seconds),Relative Performance
Pandas,0.29122400283813477,1.0
PySpark,23.461236238479614,0.01241298625008037
