Framework,Processing Time (seconds),Relative Performance
Pandas,0.2644650936126709,1.0
PySpark,21.382161378860474,0.012368492077425576
