age_group,gender,avg_rating,rating_count
<18,F,3.640599892876272,1867
<18,M,3.4941962715441437,2843
18-25,F,3.371200543385974,5889
18-25,M,3.4998747808665165,19965
25-35,F,3.5522011197716545,9109
25-35,M,3.4787229900720265,25685
35-50,F,3.5711093585699265,7608
35-50,M,3.5736800182066455,17576
50+,F,3.729281767955801,1267
50+,M,3.676474178976926,8191
